"Page","Entity","Visuals"
"Calendar Timeline","Calendar","1"
"Calendar Timeline","DateTable","2"
"Calendar Timeline","Staff ID","1"
"Calendar Timeline","StaffSchedule","1"
"COHORT","Barriers","1"
"COHORT","CYA Event Types","1"
"COHORT","CYA ME Tool","1"
"COHORT","CYA People Report","2"
"COHORT","DateTable","1"
"COHORT","Neuro","1"
"COHORT","Projects involved in","1"
"COHORT","Staff ID","1"
"KPIs","DateTable","1"
"KPIs","KPI Test","1"
"KPIs","Project","1"
"KPIs","Staff ID","1"
"Service User Card","CYA Attendance","4"
"Service User Card","CYA ME Tool","3"
"Service User Card","CYA People Report","6"
"Service User Card","CYA TLE","2"
"Service User Card","DateTable","1"
"Service User Card","Project ID","1"
"Service User Card","Sessions + Activities","1"
"Service User Card","Staff ID","1"
"Staff Card","Calendar","3"
"Staff Card","DateTable","1"
"Staff Card","Latest Status","1"
"Staff Card","Sessions + Activities","5"
"Staff Card","Staff ID","1"
"Staff Card","StaffSchedule","2"
"Staff Card","TE - Data","1"
"Strategies","DateTable","1"
"Strategies","Global Outcomes","1"
"Strategies","Sessions + Activities","1"
"Strategies","Staff ID","1"
"Strategies","Strat2","1"
"Strategies","Strategic Outcomes","1"
